Year,month,place,WindSpeed_km_per_hr,Temperature_C,Humidity_percent,WindSpeed_3day_cum,Wind_Disaster_Occurred
2016,1,Mumbai,38.69,20.65,78.95,127.13,1
2016,1,Chennai,34.88,28.22,89.65,95.81,0
2016,1,Kolkata,32.9,23.17,62.34,93.61,0
2016,1,Visakhapatnam,38.97,28.4,66.65,118.68,1
2016,1,Puri,30.27,21.39,86.41,92.76,0
2016,1,Munnar,23.49,28.33,56.86,74.56,0
2016,1,Darjeeling,28.36,20.07,72.61,92.1,0
2016,1,Shimla,30.21,22.4,91.37,82.41,0
2016,1,Kedarnath,33.22,34.48,62.39,104.22,0
2016,2,Mumbai,18.24,28.16,90.79,62.96,0
2016,2,Chennai,29.31,32.09,65.85,88.24,0
2016,2,Kolkata,28.19,20.4,76.71,82.46,0
2016,2,Visakhapatnam,25.94,30.02,87.62,70.15,0
2016,2,Puri,33.67,24.09,57.96,111.68,0
2016,2,Munnar,30.24,23.29,57.54,89.65,0
2016,2,Darjeeling,34.1,33.08,80.5,111.98,0
2016,2,Shimla,30.42,31.11,77.45,100.65,0
2016,2,Kedarnath,24.38,18.43,72.1,76.02,0
2016,3,Mumbai,35.17,33.43,75.34,103.79,0
2016,3,Chennai,32.85,21.89,85.22,99.48,1
2016,3,Kolkata,29.79,28.77,87.32,102.6,0
2016,3,Visakhapatnam,31.63,33.17,62.46,105.74,0
2016,3,Puri,30.43,31.91,72.08,87.71,0
2016,3,Munnar,29.3,25.1,75.43,79.28,0
2016,3,Darjeeling,29.21,26.82,67.93,100.91,0
2016,3,Shimla,26.45,34.36,93.87,79.12,0
2016,3,Kedarnath,19.76,28.36,56.48,57.84,0
2016,4,Mumbai,51.27,33.44,66.15,140.54,1
2016,4,Chennai,51.22,29.43,64.68,178.68,0
2016,4,Kolkata,44.42,24.25,84.13,128.37,0
2016,4,Visakhapatnam,54.95,23.45,88.41,152.33,1
2016,4,Puri,64.57,29.52,78.64,176.45,1
2016,4,Munnar,32.87,29.75,61.97,105.73,0
2016,4,Darjeeling,42.59,23.8,60.5,146.91,1
2016,4,Shimla,47.06,27.0,77.21,157.83,1
2016,4,Kedarnath,34.79,33.31,90.89,96.53,0
2016,5,Mumbai,54.72,33.08,90.88,179.53,0
2016,5,Chennai,54.22,20.75,58.37,174.24,0
2016,5,Kolkata,63.9,27.33,61.43,172.79,0
2016,5,Visakhapatnam,57.86,30.11,63.97,186.39,1
2016,5,Puri,69.09,29.18,88.97,222.46,1
2016,5,Munnar,44.22,22.51,69.71,122.7,1
2016,5,Darjeeling,48.68,31.51,80.25,166.18,0
2016,5,Shimla,51.19,21.32,74.7,161.84,0
2016,5,Kedarnath,42.72,33.55,93.16,147.48,1
2016,6,Mumbai,51.11,25.28,92.13,138.63,0
2016,6,Chennai,43.13,20.88,67.68,145.83,0
2016,6,Kolkata,39.13,27.69,82.84,134.94,1
2016,6,Visakhapatnam,48.56,29.85,84.63,165.21,0
2016,6,Puri,41.36,31.76,66.74,123.56,0
2016,6,Munnar,43.18,29.93,81.0,144.16,0
2016,6,Darjeeling,63.21,24.38,68.52,215.66,1
2016,6,Shimla,37.18,22.87,76.71,114.23,0
2016,6,Kedarnath,40.58,31.98,56.49,110.56,0
2016,7,Mumbai,34.31,28.59,63.63,113.79,1
2016,7,Chennai,27.46,27.19,76.25,75.28,0
2016,7,Kolkata,21.78,25.46,65.83,72.65,1
2016,7,Visakhapatnam,35.05,32.21,93.51,95.34,0
2016,7,Puri,26.73,27.34,65.01,75.51,0
2016,7,Munnar,28.8,34.23,66.2,92.96,0
2016,7,Darjeeling,43.54,24.05,64.91,132.16,0
2016,7,Shimla,37.0,18.78,59.64,100.32,1
2016,7,Kedarnath,33.47,26.36,58.91,103.05,0
2016,8,Mumbai,40.36,24.77,72.35,114.57,0
2016,8,Chennai,33.07,26.55,80.03,99.21,0
2016,8,Kolkata,36.5,19.2,61.52,117.78,0
2016,8,Visakhapatnam,36.13,24.6,78.02,124.74,0
2016,8,Puri,33.4,34.0,76.82,102.43,0
2016,8,Munnar,33.65,32.36,67.76,92.77,1
2016,8,Darjeeling,28.23,20.01,66.27,94.61,0
2016,8,Shimla,37.36,22.79,87.14,122.85,0
2016,8,Kedarnath,33.81,34.84,87.27,111.58,0
2016,9,Mumbai,59.09,32.59,92.23,175.67,1
2016,9,Chennai,47.88,19.75,85.18,158.03,0
2016,9,Kolkata,59.26,24.62,90.82,175.18,1
2016,9,Visakhapatnam,51.55,23.43,58.65,176.54,0
2016,9,Puri,52.01,22.98,72.94,166.72,1
2016,9,Munnar,45.75,31.46,85.09,148.14,0
2016,9,Darjeeling,42.11,25.51,76.98,115.62,0
2016,9,Shimla,36.8,20.43,59.68,109.68,0
2016,9,Kedarnath,37.25,19.24,83.04,103.07,0
2016,10,Mumbai,75.03,19.44,58.25,244.98,0
2016,10,Chennai,64.88,34.76,92.89,217.37,1
2016,10,Kolkata,65.13,31.21,58.34,195.45,1
2016,10,Visakhapatnam,78.72,18.19,74.71,219.54,1
2016,10,Puri,72.61,20.0,59.75,199.32,1
2016,10,Munnar,59.69,22.86,69.99,207.1,0
2016,10,Darjeeling,65.77,18.21,93.53,189.34,0
2016,10,Shimla,57.92,34.48,77.15,159.79,1
2016,10,Kedarnath,56.65,25.73,82.83,181.47,0
2016,11,Mumbai,85.23,34.16,66.24,233.23,1
2016,11,Chennai,81.1,22.72,79.81,248.53,1
2016,11,Kolkata,67.26,34.56,58.11,213.0,1
2016,11,Visakhapatnam,76.85,23.26,76.44,250.4,1
2016,11,Puri,74.61,34.15,87.9,255.82,1
2016,11,Munnar,63.7,33.86,71.73,203.25,0
2016,11,Darjeeling,67.83,28.1,61.02,236.7,1
2016,11,Shimla,57.93,32.25,88.68,201.38,1
2016,11,Kedarnath,51.18,31.82,89.59,140.5,0
2016,12,Mumbai,55.33,31.07,77.22,193.51,0
2016,12,Chennai,56.23,34.22,60.17,172.08,1
2016,12,Kolkata,62.67,28.51,81.87,180.66,1
2016,12,Visakhapatnam,60.92,26.84,85.89,189.85,0
2016,12,Puri,54.44,32.9,77.44,171.02,1
2016,12,Munnar,50.93,20.32,63.52,166.18,1
2016,12,Darjeeling,55.27,24.67,78.6,164.72,0
2016,12,Shimla,45.44,24.74,86.35,141.36,0
2016,12,Kedarnath,51.36,20.5,92.98,174.1,0
2017,1,Mumbai,25.49,26.37,94.2,78.2,0
2017,1,Chennai,35.38,19.29,64.61,113.46,1
2017,1,Kolkata,37.91,33.25,68.83,107.88,0
2017,1,Visakhapatnam,30.08,21.27,61.89,97.26,1
2017,1,Puri,32.53,20.05,58.55,92.45,0
2017,1,Munnar,27.21,26.56,69.57,77.95,0
2017,1,Darjeeling,27.77,19.04,91.83,94.37,0
2017,1,Shimla,33.25,21.14,84.93,111.21,0
2017,1,Kedarnath,30.31,25.86,69.76,96.84,0
2017,2,Mumbai,16.19,30.13,65.1,44.18,0
2017,2,Chennai,48.47,27.05,72.9,135.03,0
2017,2,Kolkata,36.72,18.34,70.09,107.05,0
2017,2,Visakhapatnam,26.12,28.09,90.62,73.03,0
2017,2,Puri,23.51,19.48,74.94,78.32,0
2017,2,Munnar,37.39,22.82,60.1,113.86,0
2017,2,Darjeeling,31.48,24.05,77.83,101.27,0
2017,2,Shimla,19.86,22.18,61.11,55.24,0
2017,2,Kedarnath,31.63,20.95,66.4,90.12,0
2017,3,Mumbai,34.93,19.9,94.3,105.79,0
2017,3,Chennai,29.66,31.89,89.62,103.08,0
2017,3,Kolkata,37.65,27.72,77.27,129.64,0
2017,3,Visakhapatnam,28.78,23.5,62.48,95.41,0
2017,3,Puri,24.88,22.91,79.42,69.46,0
2017,3,Munnar,31.56,27.05,74.25,89.1,1
2017,3,Darjeeling,26.11,23.48,94.6,71.81,0
2017,3,Shimla,28.96,30.92,82.26,84.09,0
2017,3,Kedarnath,16.44,32.12,92.18,48.97,0
2017,4,Mumbai,46.65,33.95,84.23,130.59,1
2017,4,Chennai,51.95,20.38,88.67,164.13,0
2017,4,Kolkata,50.49,20.79,61.55,144.48,0
2017,4,Visakhapatnam,53.17,24.67,90.09,158.81,0
2017,4,Puri,63.88,25.87,70.08,194.92,1
2017,4,Munnar,42.29,24.53,90.98,122.04,0
2017,4,Darjeeling,52.24,19.99,79.97,178.92,0
2017,4,Shimla,33.31,28.54,86.76,93.64,0
2017,4,Kedarnath,49.04,20.58,86.54,167.48,1
2017,5,Mumbai,67.12,30.96,77.8,183.04,0
2017,5,Chennai,57.01,19.88,87.85,169.52,0
2017,5,Kolkata,60.52,21.9,61.0,202.02,0
2017,5,Visakhapatnam,56.27,29.8,80.65,184.34,1
2017,5,Puri,57.5,27.92,91.34,163.6,1
2017,5,Munnar,41.67,20.61,92.89,127.93,0
2017,5,Darjeeling,63.82,33.85,89.88,173.23,0
2017,5,Shimla,49.92,30.02,91.9,162.6,1
2017,5,Kedarnath,60.44,33.88,84.46,183.68,0
2017,6,Mumbai,56.29,34.74,59.53,172.28,0
2017,6,Chennai,48.55,18.93,70.96,154.05,1
2017,6,Kolkata,54.78,23.67,55.19,183.09,1
2017,6,Visakhapatnam,53.15,30.54,68.88,158.24,0
2017,6,Puri,48.65,20.39,73.1,140.11,1
2017,6,Munnar,23.91,27.87,69.5,82.05,0
2017,6,Darjeeling,39.76,21.03,81.54,107.78,0
2017,6,Shimla,38.48,26.54,94.87,106.51,0
2017,6,Kedarnath,33.45,21.57,85.0,92.11,0
2017,7,Mumbai,30.49,27.6,73.88,83.21,1
2017,7,Chennai,30.65,26.91,73.13,101.76,0
2017,7,Kolkata,41.41,32.65,62.28,116.94,0
2017,7,Visakhapatnam,21.49,28.95,65.83,64.44,0
2017,7,Puri,39.54,21.93,63.88,107.62,0
2017,7,Munnar,38.43,31.6,59.16,104.37,0
2017,7,Darjeeling,23.47,30.28,64.73,65.24,0
2017,7,Shimla,35.08,29.36,70.89,118.02,0
2017,7,Kedarnath,34.36,21.53,58.42,93.14,1
2017,8,Mumbai,33.86,25.16,78.32,96.33,0
2017,8,Chennai,32.58,28.04,70.19,94.72,0
2017,8,Kolkata,42.01,27.38,71.38,134.4,0
2017,8,Visakhapatnam,36.98,32.76,60.6,122.44,0
2017,8,Puri,35.13,25.23,86.99,120.01,1
2017,8,Munnar,33.81,20.37,65.32,108.42,0
2017,8,Darjeeling,21.7,20.92,76.03,75.69,0
2017,8,Shimla,33.14,29.07,77.17,96.74,0
2017,8,Kedarnath,26.09,20.33,55.44,74.76,0
2017,9,Mumbai,52.96,20.98,81.6,168.45,0
2017,9,Chennai,57.32,26.82,70.33,173.98,1
2017,9,Kolkata,54.53,22.17,79.13,150.86,1
2017,9,Visakhapatnam,47.07,30.22,69.23,137.97,1
2017,9,Puri,45.73,30.45,92.47,147.76,1
2017,9,Munnar,57.97,28.12,65.49,157.97,1
2017,9,Darjeeling,57.54,19.81,85.84,170.74,1
2017,9,Shimla,41.6,29.7,74.82,136.56,0
2017,9,Kedarnath,46.43,22.63,82.79,155.04,0
2017,10,Mumbai,70.2,33.59,58.66,209.8,1
2017,10,Chennai,73.12,32.84,76.68,208.27,1
2017,10,Kolkata,77.3,29.77,81.35,258.57,1
2017,10,Visakhapatnam,73.15,34.05,94.51,210.45,1
2017,10,Puri,63.61,21.07,92.01,207.64,1
2017,10,Munnar,50.09,34.05,93.84,172.27,1
2017,10,Darjeeling,62.89,23.42,88.78,213.18,0
2017,10,Shimla,57.15,19.31,59.82,164.82,0
2017,10,Kedarnath,53.8,19.11,83.99,159.88,1
2017,11,Mumbai,88.68,33.06,80.04,262.06,1
2017,11,Chennai,81.18,32.79,55.98,234.31,1
2017,11,Kolkata,80.49,34.96,86.95,277.8,1
2017,11,Visakhapatnam,86.39,26.16,71.08,286.28,1
2017,11,Puri,77.33,22.06,84.5,234.85,1
2017,11,Munnar,69.47,23.04,66.49,207.28,1
2017,11,Darjeeling,60.54,21.71,82.19,182.08,0
2017,11,Shimla,62.16,25.1,58.58,206.92,0
2017,11,Kedarnath,60.45,34.85,61.68,192.89,1
2017,12,Mumbai,62.98,28.33,80.99,217.54,1
2017,12,Chennai,55.1,31.25,62.46,158.5,1
2017,12,Kolkata,55.74,33.02,93.76,153.08,0
2017,12,Visakhapatnam,67.45,31.87,61.16,219.68,1
2017,12,Puri,55.5,28.08,76.48,159.8,1
2017,12,Munnar,43.38,32.66,93.23,147.96,0
2017,12,Darjeeling,44.73,19.48,77.03,144.21,0
2017,12,Shimla,38.78,19.38,74.84,127.14,1
2017,12,Kedarnath,42.67,32.47,58.05,138.53,0
2018,1,Mumbai,50.88,29.53,68.91,170.93,0
2018,1,Chennai,32.53,31.56,90.15,94.78,0
2018,1,Kolkata,40.64,28.52,82.21,132.4,0
2018,1,Visakhapatnam,38.76,32.82,90.23,109.56,1
2018,1,Puri,34.71,20.73,84.74,103.03,0
2018,1,Munnar,32.84,18.11,75.3,110.55,0
2018,1,Darjeeling,33.11,28.78,65.39,106.14,0
2018,1,Shimla,32.24,30.94,59.28,107.17,0
2018,1,Kedarnath,31.39,19.74,92.28,100.65,0
2018,2,Mumbai,31.67,23.12,57.71,102.95,0
2018,2,Chennai,30.8,18.78,79.84,91.68,0
2018,2,Kolkata,25.8,30.74,93.76,89.75,0
2018,2,Visakhapatnam,39.39,22.65,72.84,127.9,0
2018,2,Puri,29.61,20.78,73.06,90.03,0
2018,2,Munnar,22.12,29.13,82.22,61.19,0
2018,2,Darjeeling,32.5,25.35,61.04,112.47,0
2018,2,Shimla,39.33,34.73,65.97,118.7,0
2018,2,Kedarnath,21.83,21.62,64.2,74.55,1
2018,3,Mumbai,27.13,34.46,73.93,92.02,0
2018,3,Chennai,43.31,31.11,86.06,147.02,0
2018,3,Kolkata,38.5,33.65,56.3,107.99,0
2018,3,Visakhapatnam,42.62,19.99,74.26,142.23,1
2018,3,Puri,30.58,19.09,74.66,87.48,0
2018,3,Munnar,42.07,23.28,86.9,122.65,0
2018,3,Darjeeling,28.55,29.81,66.67,90.8,0
2018,3,Shimla,16.72,26.17,56.58,55.59,1
2018,3,Kedarnath,31.25,27.51,83.1,99.82,1
2018,4,Mumbai,44.48,19.49,75.71,131.71,1
2018,4,Chennai,45.42,31.61,82.58,143.25,1
2018,4,Kolkata,49.74,28.82,59.18,140.97,0
2018,4,Visakhapatnam,51.79,30.14,89.84,169.2,0
2018,4,Puri,47.55,19.36,87.59,141.29,0
2018,4,Munnar,50.08,26.95,80.74,153.35,0
2018,4,Darjeeling,43.36,22.2,57.41,119.92,1
2018,4,Shimla,40.26,21.1,68.48,140.12,0
2018,4,Kedarnath,44.72,27.44,74.93,144.32,0
2018,5,Mumbai,62.37,19.23,82.21,178.36,1
2018,5,Chennai,62.86,32.76,73.5,182.69,0
2018,5,Kolkata,59.24,34.79,69.84,176.35,1
2018,5,Visakhapatnam,71.59,25.46,78.15,242.94,0
2018,5,Puri,68.61,22.71,71.87,234.7,1
2018,5,Munnar,48.91,28.59,63.43,167.76,0
2018,5,Darjeeling,45.39,21.05,91.36,148.54,1
2018,5,Shimla,51.52,32.52,62.24,179.13,0
2018,5,Kedarnath,52.4,24.11,75.59,160.16,0
2018,6,Mumbai,45.99,34.48,70.64,130.19,1
2018,6,Chennai,40.45,34.49,60.23,134.23,0
2018,6,Kolkata,55.18,20.89,57.94,159.4,0
2018,6,Visakhapatnam,54.19,28.49,64.95,165.0,0
2018,6,Puri,45.25,18.62,61.7,128.23,0
2018,6,Munnar,38.16,27.95,87.23,128.8,0
2018,6,Darjeeling,52.55,22.59,59.48,150.54,1
2018,6,Shimla,44.46,25.69,59.88,121.43,0
2018,6,Kedarnath,40.4,18.71,75.29,119.3,1
2018,7,Mumbai,39.43,26.31,75.62,120.79,0
2018,7,Chennai,36.01,23.23,56.2,101.24,0
2018,7,Kolkata,37.61,29.43,58.76,130.71,0
2018,7,Visakhapatnam,27.61,29.77,62.09,93.72,0
2018,7,Puri,34.83,32.77,79.71,107.9,0
2018,7,Munnar,32.99,29.72,92.24,89.88,0
2018,7,Darjeeling,34.64,19.81,81.05,104.43,0
2018,7,Shimla,23.95,34.61,56.93,83.8,0
2018,7,Kedarnath,32.73,32.93,84.54,103.22,0
2018,8,Mumbai,38.25,31.73,81.7,113.27,0
2018,8,Chennai,33.93,27.26,59.81,113.81,1
2018,8,Kolkata,43.97,24.73,69.66,130.13,0
2018,8,Visakhapatnam,29.77,21.86,69.93,86.02,1
2018,8,Puri,22.79,28.53,81.73,72.55,0
2018,8,Munnar,37.85,18.44,74.17,117.93,0
2018,8,Darjeeling,30.02,27.86,70.95,90.17,0
2018,8,Shimla,40.27,34.24,83.72,134.92,1
2018,8,Kedarnath,35.35,29.01,55.3,100.98,0
2018,9,Mumbai,52.05,23.98,92.38,143.05,1
2018,9,Chennai,51.05,22.84,65.27,157.69,1
2018,9,Kolkata,52.51,30.17,79.41,154.85,1
2018,9,Visakhapatnam,59.78,21.08,59.88,181.19,0
2018,9,Puri,52.06,27.64,59.28,170.1,1
2018,9,Munnar,34.17,31.7,74.34,118.6,0
2018,9,Darjeeling,42.93,31.93,79.06,148.59,0
2018,9,Shimla,39.6,28.39,63.48,114.15,0
2018,9,Kedarnath,34.72,31.98,65.99,115.41,0
2018,10,Mumbai,69.41,28.61,58.82,224.49,1
2018,10,Chennai,66.45,21.68,89.51,218.57,1
2018,10,Kolkata,75.43,28.32,80.68,205.09,1
2018,10,Visakhapatnam,70.23,34.79,74.87,223.01,1
2018,10,Puri,65.35,25.28,71.17,212.8,1
2018,10,Munnar,59.99,19.46,58.18,175.12,0
2018,10,Darjeeling,66.34,21.85,67.93,189.31,1
2018,10,Shimla,56.78,21.97,87.01,156.37,1
2018,10,Kedarnath,51.95,27.06,81.04,176.85,1
2018,11,Mumbai,87.37,27.48,81.47,305.37,1
2018,11,Chennai,72.74,27.56,57.41,223.48,1
2018,11,Kolkata,83.23,19.64,76.43,238.11,1
2018,11,Visakhapatnam,74.48,29.3,68.9,246.14,1
2018,11,Puri,73.45,27.18,92.08,256.62,1
2018,11,Munnar,58.85,19.52,79.94,183.43,0
2018,11,Darjeeling,61.55,18.61,83.35,204.7,1
2018,11,Shimla,59.84,19.49,69.41,174.15,0
2018,11,Kedarnath,49.73,28.21,72.89,150.07,1
2018,12,Mumbai,61.98,34.87,74.88,212.92,0
2018,12,Chennai,59.42,32.76,90.12,178.53,0
2018,12,Kolkata,58.34,19.38,67.19,194.37,1
2018,12,Visakhapatnam,62.15,28.9,94.02,185.01,0
2018,12,Puri,53.54,33.69,89.48,150.23,1
2018,12,Munnar,55.39,24.78,75.1,157.31,1
2018,12,Darjeeling,50.4,18.44,57.73,150.9,1
2018,12,Shimla,47.39,23.3,72.3,164.58,0
2018,12,Kedarnath,50.23,28.89,59.23,153.29,1
2019,1,Mumbai,44.9,31.27,57.45,126.69,0
2019,1,Chennai,43.03,18.98,94.79,118.17,0
2019,1,Kolkata,32.03,26.66,57.49,104.23,0
2019,1,Visakhapatnam,33.9,23.21,79.61,113.6,0
2019,1,Puri,20.39,25.65,90.46,57.19,1
2019,1,Munnar,37.57,32.07,71.57,112.49,0
2019,1,Darjeeling,28.51,30.92,65.39,77.4,0
2019,1,Shimla,16.42,18.21,63.61,51.36,0
2019,1,Kedarnath,31.87,25.72,76.92,88.85,0
2019,2,Mumbai,33.48,20.55,74.53,93.01,0
2019,2,Chennai,28.96,25.81,70.78,86.91,0
2019,2,Kolkata,40.27,31.38,93.21,137.47,0
2019,2,Visakhapatnam,26.37,18.65,88.63,76.56,0
2019,2,Puri,40.96,29.21,80.49,125.7,0
2019,2,Munnar,36.06,20.55,75.74,99.29,0
2019,2,Darjeeling,37.62,18.71,82.21,116.99,0
2019,2,Shimla,26.06,34.26,55.48,71.84,0
2019,2,Kedarnath,29.36,23.94,66.86,87.56,0
2019,3,Mumbai,28.36,29.23,58.94,80.53,0
2019,3,Chennai,37.86,19.4,55.84,110.26,0
2019,3,Kolkata,40.62,21.5,70.28,129.97,1
2019,3,Visakhapatnam,30.1,28.95,85.99,96.09,0
2019,3,Puri,30.78,27.9,79.08,107.24,0
2019,3,Munnar,36.83,20.18,81.26,123.38,0
2019,3,Darjeeling,25.0,34.03,79.52,76.29,0
2019,3,Shimla,19.47,33.08,62.9,54.46,0
2019,3,Kedarnath,36.43,33.62,88.86,123.47,0
2019,4,Mumbai,47.93,32.31,73.42,158.36,0
2019,4,Chennai,55.41,34.74,76.8,157.46,0
2019,4,Kolkata,58.47,20.24,61.59,159.89,0
2019,4,Visakhapatnam,48.26,30.46,88.63,149.82,0
2019,4,Puri,54.95,23.06,75.33,174.31,0
2019,4,Munnar,46.7,20.72,85.44,149.86,0
2019,4,Darjeeling,44.47,30.35,64.87,120.39,0
2019,4,Shimla,40.92,27.44,63.16,136.69,0
2019,4,Kedarnath,37.08,24.04,62.52,118.37,0
2019,5,Mumbai,61.34,30.68,56.41,202.96,1
2019,5,Chennai,62.23,23.56,69.72,215.72,1
2019,5,Kolkata,66.48,25.63,69.73,232.48,0
2019,5,Visakhapatnam,59.91,24.66,78.72,204.22,1
2019,5,Puri,52.99,28.0,58.72,176.74,1
2019,5,Munnar,56.72,27.86,57.59,182.28,0
2019,5,Darjeeling,61.51,22.59,87.2,199.37,0
2019,5,Shimla,56.39,19.0,58.08,174.74,1
2019,5,Kedarnath,53.32,25.48,75.69,177.61,1
2019,6,Mumbai,53.95,19.51,72.36,159.82,1
2019,6,Chennai,57.29,28.92,92.32,200.46,1
2019,6,Kolkata,52.0,20.01,86.43,166.86,1
2019,6,Visakhapatnam,45.98,21.14,78.51,145.19,1
2019,6,Puri,54.75,18.41,56.05,162.47,0
2019,6,Munnar,40.93,22.41,92.63,120.31,0
2019,6,Darjeeling,29.48,21.16,88.68,100.17,0
2019,6,Shimla,33.07,30.37,58.22,92.82,0
2019,6,Kedarnath,22.86,31.01,84.18,69.7,1
2019,7,Mumbai,27.94,34.26,81.28,92.23,1
2019,7,Chennai,35.74,22.45,66.29,98.13,0
2019,7,Kolkata,32.57,25.65,85.38,95.02,0
2019,7,Visakhapatnam,36.13,18.57,74.5,99.45,1
2019,7,Puri,19.38,18.37,90.99,57.72,0
2019,7,Munnar,36.11,33.93,77.41,125.32,1
2019,7,Darjeeling,21.43,22.36,94.25,70.38,0
2019,7,Shimla,27.63,25.89,77.61,78.98,0
2019,7,Kedarnath,21.11,21.83,61.05,58.93,0
2019,8,Mumbai,42.7,26.9,77.45,144.36,1
2019,8,Chennai,38.29,27.24,83.31,105.45,1
2019,8,Kolkata,39.87,20.82,74.39,122.28,0
2019,8,Visakhapatnam,38.33,29.07,71.47,117.68,0
2019,8,Puri,41.14,31.71,75.5,113.12,0
2019,8,Munnar,28.09,30.86,68.21,79.54,0
2019,8,Darjeeling,27.17,32.95,90.11,77.81,0
2019,8,Shimla,30.21,18.46,85.88,105.38,1
2019,8,Kedarnath,22.59,27.16,91.37,69.36,0
2019,9,Mumbai,53.22,31.19,70.22,178.7,0
2019,9,Chennai,46.92,22.88,75.93,134.33,0
2019,9,Kolkata,62.67,33.56,70.84,209.21,0
2019,9,Visakhapatnam,57.91,31.49,82.84,163.67,1
2019,9,Puri,49.42,29.12,90.76,140.72,1
2019,9,Munnar,39.76,19.42,79.61,121.35,0
2019,9,Darjeeling,42.32,34.73,71.71,147.02,0
2019,9,Shimla,50.65,32.99,61.64,162.48,0
2019,9,Kedarnath,49.3,19.35,90.61,161.49,0
2019,10,Mumbai,89.11,31.92,89.33,253.95,1
2019,10,Chennai,67.53,25.81,87.87,207.79,1
2019,10,Kolkata,80.41,23.7,88.13,248.9,1
2019,10,Visakhapatnam,78.62,20.41,64.59,218.59,1
2019,10,Puri,76.85,29.07,84.95,235.19,1
2019,10,Munnar,62.56,28.78,94.16,192.5,1
2019,10,Darjeeling,53.98,29.67,68.0,174.95,1
2019,10,Shimla,58.27,22.75,88.48,167.92,0
2019,10,Kedarnath,55.02,23.19,75.51,179.1,1
2019,11,Mumbai,83.08,31.4,85.64,282.23,1
2019,11,Chennai,81.08,29.4,91.29,235.79,1
2019,11,Kolkata,79.2,27.29,89.58,243.02,1
2019,11,Visakhapatnam,74.15,25.18,59.43,258.16,1
2019,11,Puri,81.99,22.97,89.33,239.75,1
2019,11,Munnar,61.89,18.31,87.2,204.44,0
2019,11,Darjeeling,55.14,32.84,66.26,185.46,1
2019,11,Shimla,67.27,19.64,76.63,219.49,1
2019,11,Kedarnath,60.63,23.05,78.93,178.32,1
2019,12,Mumbai,57.11,33.35,56.93,188.15,0
2019,12,Chennai,64.63,19.34,62.41,220.64,1
2019,12,Kolkata,69.19,27.91,56.39,230.8,0
2019,12,Visakhapatnam,59.35,28.18,88.25,163.26,1
2019,12,Puri,65.9,29.38,91.39,182.88,0
2019,12,Munnar,48.19,23.39,72.22,150.06,0
2019,12,Darjeeling,53.06,33.17,79.08,176.11,0
2019,12,Shimla,56.73,22.04,83.11,180.02,0
2019,12,Kedarnath,54.94,26.29,70.38,152.93,0
2020,1,Mumbai,36.45,28.78,75.25,120.11,1
2020,1,Chennai,39.02,26.03,69.47,113.3,1
2020,1,Kolkata,33.14,26.19,68.25,115.23,0
2020,1,Visakhapatnam,31.56,21.52,66.23,100.63,0
2020,1,Puri,33.86,26.72,77.88,113.16,0
2020,1,Munnar,27.45,19.48,70.88,94.58,0
2020,1,Darjeeling,30.05,26.39,89.97,93.33,0
2020,1,Shimla,27.19,22.67,60.26,95.0,0
2020,1,Kedarnath,21.15,28.33,83.56,72.45,0
2020,2,Mumbai,20.5,31.96,93.2,68.84,1
2020,2,Chennai,27.1,28.26,57.38,78.76,0
2020,2,Kolkata,30.88,25.76,70.35,86.21,0
2020,2,Visakhapatnam,28.73,19.36,57.84,94.85,0
2020,2,Puri,24.08,29.54,81.74,83.15,0
2020,2,Munnar,27.66,28.41,91.53,88.75,0
2020,2,Darjeeling,28.36,33.34,59.82,93.01,0
2020,2,Shimla,21.39,23.02,71.88,57.95,0
2020,2,Kedarnath,28.9,20.09,56.75,91.38,0
2020,3,Mumbai,42.24,29.77,88.82,136.08,0
2020,3,Chennai,29.45,23.21,66.02,95.36,0
2020,3,Kolkata,43.0,33.58,89.3,144.38,0
2020,3,Visakhapatnam,33.14,24.31,78.29,97.94,0
2020,3,Puri,40.84,25.32,61.67,122.5,1
2020,3,Munnar,38.03,20.63,68.84,129.75,1
2020,3,Darjeeling,39.13,24.96,57.87,116.31,0
2020,3,Shimla,39.64,24.2,79.23,128.51,0
2020,3,Kedarnath,31.11,26.26,60.62,101.12,1
2020,4,Mumbai,53.11,24.53,93.56,164.87,1
2020,4,Chennai,50.9,30.86,55.93,143.94,1
2020,4,Kolkata,49.21,19.97,91.0,144.25,0
2020,4,Visakhapatnam,55.61,34.73,88.07,176.97,1
2020,4,Puri,49.43,24.55,70.58,171.45,1
2020,4,Munnar,35.02,30.95,76.67,110.05,0
2020,4,Darjeeling,43.04,22.41,67.09,131.36,1
2020,4,Shimla,41.17,27.48,93.66,120.06,0
2020,4,Kedarnath,39.35,25.55,60.57,124.51,0
2020,5,Mumbai,46.96,28.6,90.21,164.13,1
2020,5,Chennai,60.43,24.72,63.05,193.16,1
2020,5,Kolkata,78.01,33.46,93.56,224.84,0
2020,5,Visakhapatnam,53.13,20.22,89.8,166.11,0
2020,5,Puri,63.76,34.05,90.08,186.21,1
2020,5,Munnar,47.08,26.22,94.24,144.55,0
2020,5,Darjeeling,38.5,30.95,63.13,112.77,1
2020,5,Shimla,56.71,27.81,74.69,176.33,0
2020,5,Kedarnath,48.81,27.75,85.58,164.11,0
2020,6,Mumbai,49.93,32.52,59.37,142.81,0
2020,6,Chennai,51.78,18.32,92.06,165.75,0
2020,6,Kolkata,30.57,29.77,83.91,99.36,1
2020,6,Visakhapatnam,42.38,21.58,66.15,141.71,0
2020,6,Puri,39.94,29.51,94.91,108.11,0
2020,6,Munnar,44.44,30.81,60.71,146.31,0
2020,6,Darjeeling,43.19,32.38,85.64,139.36,0
2020,6,Shimla,39.93,24.92,71.3,110.29,1
2020,6,Kedarnath,34.8,31.74,59.44,103.67,0
2020,7,Mumbai,22.57,31.51,75.02,62.32,0
2020,7,Chennai,35.21,24.85,57.92,96.48,0
2020,7,Kolkata,29.31,24.89,92.17,97.99,0
2020,7,Visakhapatnam,28.29,21.84,74.06,83.66,0
2020,7,Puri,34.29,20.09,80.91,102.39,0
2020,7,Munnar,32.47,27.96,72.97,100.73,0
2020,7,Darjeeling,32.06,31.98,83.56,92.77,0
2020,7,Shimla,27.85,20.43,75.81,87.52,0
2020,7,Kedarnath,30.65,28.7,60.35,89.73,1
2020,8,Mumbai,25.1,18.0,67.7,82.8,0
2020,8,Chennai,33.75,22.2,55.15,113.78,0
2020,8,Kolkata,36.65,24.12,59.08,108.21,0
2020,8,Visakhapatnam,32.86,25.37,90.67,109.45,0
2020,8,Puri,40.96,19.52,93.56,122.96,0
2020,8,Munnar,17.33,18.07,83.15,55.57,0
2020,8,Darjeeling,31.16,34.42,81.66,101.9,0
2020,8,Shimla,32.5,31.29,59.21,95.49,0
2020,8,Kedarnath,33.15,34.27,69.4,90.78,0
2020,9,Mumbai,42.77,24.29,69.75,122.61,1
2020,9,Chennai,37.65,31.98,71.66,124.78,0
2020,9,Kolkata,55.16,21.67,90.21,169.78,0
2020,9,Visakhapatnam,44.6,20.32,66.81,142.09,0
2020,9,Puri,46.21,30.12,70.81,148.61,1
2020,9,Munnar,48.93,24.25,66.5,166.96,1
2020,9,Darjeeling,42.42,18.25,88.42,123.63,0
2020,9,Shimla,36.17,20.11,55.77,107.41,0
2020,9,Kedarnath,26.8,18.17,78.81,83.76,0
2020,10,Mumbai,72.43,29.52,75.76,251.37,1
2020,10,Chennai,77.86,20.13,94.04,242.7,1
2020,10,Kolkata,77.88,20.04,87.29,258.26,1
2020,10,Visakhapatnam,74.18,18.02,69.87,220.95,1
2020,10,Puri,82.87,32.4,93.97,266.59,1
2020,10,Munnar,57.61,24.77,73.32,191.52,1
2020,10,Darjeeling,58.04,22.19,64.13,159.74,1
2020,10,Shimla,55.52,34.03,93.31,152.46,0
2020,10,Kedarnath,66.54,34.37,76.78,232.43,1
2020,11,Mumbai,72.44,28.58,60.63,206.93,1
2020,11,Chennai,76.3,31.79,60.88,241.32,1
2020,11,Kolkata,89.48,33.6,68.81,260.21,1
2020,11,Visakhapatnam,73.91,30.03,90.61,227.34,1
2020,11,Puri,74.99,27.0,93.32,210.53,1
2020,11,Munnar,73.29,19.3,82.18,227.23,1
2020,11,Darjeeling,59.67,18.75,72.31,187.19,1
2020,11,Shimla,68.99,18.85,63.37,210.85,0
2020,11,Kedarnath,58.17,34.17,62.88,201.78,0
2020,12,Mumbai,62.46,27.68,94.25,204.21,1
2020,12,Chennai,71.07,34.68,79.89,196.06,1
2020,12,Kolkata,50.75,34.04,91.32,169.2,0
2020,12,Visakhapatnam,61.48,26.11,61.47,203.26,0
2020,12,Puri,59.04,29.33,80.62,171.1,1
2020,12,Munnar,55.96,18.15,55.48,173.42,1
2020,12,Darjeeling,49.19,28.78,64.15,169.25,1
2020,12,Shimla,52.35,25.29,58.82,171.86,1
2020,12,Kedarnath,44.34,20.01,81.5,136.78,1
2021,1,Mumbai,40.18,30.94,56.8,140.41,0
2021,1,Chennai,34.63,33.61,85.17,104.36,0
2021,1,Kolkata,24.52,27.59,65.04,81.64,0
2021,1,Visakhapatnam,41.76,21.26,64.62,134.69,0
2021,1,Puri,35.8,18.61,56.56,102.99,1
2021,1,Munnar,26.24,34.16,66.3,89.05,0
2021,1,Darjeeling,43.82,22.8,85.35,136.44,0
2021,1,Shimla,22.58,33.17,92.86,77.11,0
2021,1,Kedarnath,31.2,28.05,63.19,96.66,0
2021,2,Mumbai,39.07,21.52,89.2,115.84,1
2021,2,Chennai,15.0,23.65,88.43,50.23,0
2021,2,Kolkata,31.19,20.58,81.19,103.47,0
2021,2,Visakhapatnam,19.33,20.17,56.5,58.76,0
2021,2,Puri,31.92,26.88,71.66,86.18,1
2021,2,Munnar,21.73,30.4,55.06,62.67,0
2021,2,Darjeeling,21.74,30.61,81.52,62.58,0
2021,2,Shimla,17.9,31.89,83.5,52.97,0
2021,2,Kedarnath,24.18,31.71,91.08,72.48,0
2021,3,Mumbai,31.06,19.33,81.44,98.53,0
2021,3,Chennai,43.18,31.27,61.69,141.08,0
2021,3,Kolkata,38.55,30.9,83.58,113.22,1
2021,3,Visakhapatnam,25.62,24.28,75.36,79.72,0
2021,3,Puri,37.85,33.66,73.47,123.82,0
2021,3,Munnar,36.59,22.66,89.47,120.14,0
2021,3,Darjeeling,27.92,32.56,94.14,82.87,0
2021,3,Shimla,24.67,34.1,77.48,80.95,0
2021,3,Kedarnath,24.72,24.53,84.38,82.28,1
2021,4,Mumbai,49.11,29.96,55.46,165.55,0
2021,4,Chennai,42.32,27.29,87.69,138.13,0
2021,4,Kolkata,49.29,30.21,75.19,135.11,0
2021,4,Visakhapatnam,54.38,20.24,70.86,170.87,0
2021,4,Puri,48.27,22.93,67.39,136.41,0
2021,4,Munnar,48.54,27.72,79.99,140.78,0
2021,4,Darjeeling,45.88,29.46,55.49,157.14,1
2021,4,Shimla,31.52,28.56,69.12,92.84,0
2021,4,Kedarnath,44.63,19.16,71.18,146.66,0
2021,5,Mumbai,58.93,18.96,68.3,191.42,1
2021,5,Chennai,51.9,29.42,80.67,179.34,1
2021,5,Kolkata,59.98,22.72,59.05,197.99,1
2021,5,Visakhapatnam,54.19,19.15,94.21,165.03,1
2021,5,Puri,60.76,25.19,83.18,199.92,1
2021,5,Munnar,43.6,21.49,65.57,131.58,0
2021,5,Darjeeling,43.61,28.26,93.74,140.67,1
2021,5,Shimla,43.12,23.05,93.06,119.03,1
2021,5,Kedarnath,59.18,18.26,65.7,190.5,0
2021,6,Mumbai,56.26,30.01,82.04,163.19,0
2021,6,Chennai,41.48,34.09,89.64,131.83,1
2021,6,Kolkata,42.71,30.52,92.79,120.61,0
2021,6,Visakhapatnam,50.56,24.94,82.2,164.87,1
2021,6,Puri,40.26,25.65,65.12,127.46,0
2021,6,Munnar,46.84,34.61,81.9,133.52,1
2021,6,Darjeeling,38.08,19.57,72.34,103.08,0
2021,6,Shimla,39.3,30.3,72.38,114.25,1
2021,6,Kedarnath,45.05,28.84,79.53,142.86,1
2021,7,Mumbai,30.91,30.56,90.1,88.39,1
2021,7,Chennai,35.51,22.6,63.58,102.93,0
2021,7,Kolkata,33.53,29.44,79.27,110.17,1
2021,7,Visakhapatnam,29.63,31.69,88.54,102.57,0
2021,7,Puri,34.38,30.63,79.67,98.35,0
2021,7,Munnar,35.26,24.31,57.74,109.91,0
2021,7,Darjeeling,37.24,33.22,69.74,108.56,0
2021,7,Shimla,44.99,28.71,73.17,149.8,0
2021,7,Kedarnath,27.17,33.92,80.97,82.97,1
2021,8,Mumbai,46.03,25.55,66.7,154.65,1
2021,8,Chennai,35.87,33.76,74.64,98.45,1
2021,8,Kolkata,24.2,29.14,71.39,80.13,0
2021,8,Visakhapatnam,34.04,29.29,62.43,93.83,0
2021,8,Puri,34.04,19.88,82.41,114.06,0
2021,8,Munnar,25.45,24.07,76.42,79.21,0
2021,8,Darjeeling,27.01,23.23,86.57,90.84,0
2021,8,Shimla,31.21,34.0,75.23,93.12,0
2021,8,Kedarnath,33.93,27.41,70.71,94.4,0
2021,9,Mumbai,53.63,32.6,88.52,173.86,0
2021,9,Chennai,49.55,20.73,79.42,151.19,0
2021,9,Kolkata,54.76,20.81,59.7,157.91,1
2021,9,Visakhapatnam,45.92,26.75,84.3,150.38,1
2021,9,Puri,47.17,26.83,63.89,131.34,0
2021,9,Munnar,34.63,24.65,57.31,100.29,1
2021,9,Darjeeling,48.31,27.2,72.16,146.5,0
2021,9,Shimla,54.71,26.5,61.87,178.45,0
2021,9,Kedarnath,44.15,28.3,59.62,138.0,1
2021,10,Mumbai,79.12,29.77,60.71,234.96,1
2021,10,Chennai,78.72,25.13,75.31,225.42,1
2021,10,Kolkata,72.16,26.06,57.76,240.61,1
2021,10,Visakhapatnam,82.36,30.3,55.4,239.05,1
2021,10,Puri,79.55,32.34,87.86,268.0,1
2021,10,Munnar,63.15,32.53,62.34,193.31,0
2021,10,Darjeeling,52.82,24.59,58.03,162.31,0
2021,10,Shimla,56.31,24.62,90.09,155.07,1
2021,10,Kedarnath,56.92,29.02,57.66,197.76,1
2021,11,Mumbai,87.2,27.5,94.89,265.68,1
2021,11,Chennai,77.05,24.33,69.02,221.6,1
2021,11,Kolkata,76.37,30.05,81.27,250.36,1
2021,11,Visakhapatnam,66.77,26.23,81.47,191.9,1
2021,11,Puri,83.59,31.03,57.66,262.38,1
2021,11,Munnar,64.76,31.65,85.07,215.36,1
2021,11,Darjeeling,63.21,20.89,84.69,202.04,1
2021,11,Shimla,55.58,33.44,85.0,189.67,0
2021,11,Kedarnath,70.95,28.75,78.15,242.03,1
2021,12,Mumbai,65.36,22.61,83.66,201.25,1
2021,12,Chennai,52.39,33.43,71.99,150.46,1
2021,12,Kolkata,54.22,29.83,58.08,154.55,1
2021,12,Visakhapatnam,61.99,29.77,65.88,206.87,1
2021,12,Puri,65.11,23.52,80.45,224.72,1
2021,12,Munnar,50.64,22.5,78.81,145.58,0
2021,12,Darjeeling,41.36,30.93,86.12,138.65,1
2021,12,Shimla,48.62,18.53,72.29,145.59,1
2021,12,Kedarnath,43.82,22.14,90.17,119.5,0
2022,1,Mumbai,36.29,33.1,90.92,107.35,0
2022,1,Chennai,34.13,32.03,94.85,116.76,0
2022,1,Kolkata,38.53,34.98,58.8,106.1,0
2022,1,Visakhapatnam,26.5,32.59,87.27,87.41,0
2022,1,Puri,29.61,31.32,69.42,80.49,0
2022,1,Munnar,30.5,21.94,81.17,89.98,1
2022,1,Darjeeling,35.7,32.23,56.56,118.15,0
2022,1,Shimla,39.94,32.7,79.98,125.83,0
2022,1,Kedarnath,32.83,30.03,72.69,108.53,0
2022,2,Mumbai,30.14,33.78,78.87,86.91,0
2022,2,Chennai,32.21,34.68,94.83,92.41,0
2022,2,Kolkata,17.4,28.08,83.6,58.18,1
2022,2,Visakhapatnam,41.72,34.01,69.92,135.27,0
2022,2,Puri,26.97,29.85,82.64,83.6,0
2022,2,Munnar,23.8,21.05,78.97,76.35,0
2022,2,Darjeeling,25.34,32.24,81.71,77.64,0
2022,2,Shimla,37.57,34.34,87.11,126.65,0
2022,2,Kedarnath,33.37,20.61,71.08,103.15,0
2022,3,Mumbai,36.96,24.03,78.71,117.04,1
2022,3,Chennai,33.42,19.44,71.93,91.07,0
2022,3,Kolkata,27.86,21.34,90.44,94.45,0
2022,3,Visakhapatnam,38.38,34.95,87.11,112.42,1
2022,3,Puri,36.16,32.41,73.6,125.8,1
2022,3,Munnar,36.19,34.58,57.68,107.42,0
2022,3,Darjeeling,30.03,21.9,63.43,82.79,0
2022,3,Shimla,26.79,20.85,59.04,78.08,0
2022,3,Kedarnath,30.9,23.55,86.93,90.3,0
2022,4,Mumbai,54.31,22.36,60.19,156.73,1
2022,4,Chennai,48.69,20.5,87.36,139.67,1
2022,4,Kolkata,52.52,19.41,61.2,178.12,0
2022,4,Visakhapatnam,54.87,27.87,60.49,183.42,0
2022,4,Puri,40.71,22.65,79.96,114.62,0
2022,4,Munnar,41.69,18.97,87.9,122.8,0
2022,4,Darjeeling,37.18,27.76,84.0,114.02,0
2022,4,Shimla,45.07,32.28,76.52,133.01,0
2022,4,Kedarnath,44.39,21.32,69.86,151.44,0
2022,5,Mumbai,61.83,24.14,88.53,190.84,0
2022,5,Chennai,72.37,25.72,68.13,218.94,0
2022,5,Kolkata,60.68,27.65,62.02,210.03,1
2022,5,Visakhapatnam,60.34,21.91,80.79,186.56,1
2022,5,Puri,71.0,21.15,77.84,199.73,1
2022,5,Munnar,42.14,32.04,62.31,121.14,1
2022,5,Darjeeling,42.51,24.25,86.91,127.53,1
2022,5,Shimla,50.47,31.53,88.8,158.74,1
2022,5,Kedarnath,42.53,22.24,89.96,122.25,1
2022,6,Mumbai,52.3,31.47,89.83,141.24,0
2022,6,Chennai,44.39,19.59,69.05,136.13,0
2022,6,Kolkata,50.96,22.95,56.6,175.14,1
2022,6,Visakhapatnam,49.97,30.93,73.65,153.62,1
2022,6,Puri,47.09,28.15,72.2,145.5,0
2022,6,Munnar,36.93,18.52,61.83,124.17,1
2022,6,Darjeeling,48.42,28.46,75.42,143.92,0
2022,6,Shimla,43.14,27.37,56.4,118.21,0
2022,6,Kedarnath,63.65,18.42,61.43,214.57,0
2022,7,Mumbai,30.51,20.95,66.24,97.22,0
2022,7,Chennai,35.91,30.76,70.68,119.97,1
2022,7,Kolkata,29.54,33.8,77.63,95.78,0
2022,7,Visakhapatnam,38.48,32.06,55.77,105.92,0
2022,7,Puri,29.62,34.35,56.2,88.14,0
2022,7,Munnar,35.27,28.39,65.62,121.57,0
2022,7,Darjeeling,36.02,30.56,90.39,124.54,0
2022,7,Shimla,28.07,18.17,93.53,82.11,0
2022,7,Kedarnath,36.06,23.78,67.48,125.92,1
2022,8,Mumbai,44.55,23.84,65.44,136.07,0
2022,8,Chennai,39.56,20.77,58.69,108.76,0
2022,8,Kolkata,34.57,25.59,93.72,97.5,0
2022,8,Visakhapatnam,34.59,30.82,85.05,111.72,0
2022,8,Puri,25.93,30.87,87.7,88.78,1
2022,8,Munnar,26.27,33.22,90.38,79.39,0
2022,8,Darjeeling,42.45,22.62,82.64,125.27,0
2022,8,Shimla,28.79,20.04,88.24,87.64,0
2022,8,Kedarnath,25.62,26.38,66.52,80.08,0
2022,9,Mumbai,43.22,27.29,59.66,122.37,0
2022,9,Chennai,63.35,29.2,84.32,188.48,0
2022,9,Kolkata,53.01,24.79,90.94,171.0,1
2022,9,Visakhapatnam,59.06,31.62,88.06,159.98,1
2022,9,Puri,44.65,21.65,94.22,124.79,1
2022,9,Munnar,56.65,18.55,84.55,179.91,0
2022,9,Darjeeling,36.47,23.04,77.72,103.49,0
2022,9,Shimla,42.64,22.41,94.34,143.07,0
2022,9,Kedarnath,30.73,29.76,57.11,84.21,0
2022,10,Mumbai,68.41,22.3,79.56,197.1,1
2022,10,Chennai,80.07,23.96,74.09,268.75,1
2022,10,Kolkata,70.74,21.55,68.13,236.61,1
2022,10,Visakhapatnam,64.46,24.48,63.85,217.39,1
2022,10,Puri,56.58,25.81,70.38,190.04,1
2022,10,Munnar,57.71,26.09,56.31,180.37,1
2022,10,Darjeeling,59.27,34.51,81.26,167.66,1
2022,10,Shimla,54.52,28.42,59.65,165.41,0
2022,10,Kedarnath,57.59,24.03,58.07,186.0,1
2022,11,Mumbai,86.95,24.35,79.47,291.45,1
2022,11,Chennai,77.98,25.02,69.2,217.16,1
2022,11,Kolkata,76.67,20.67,62.27,231.24,1
2022,11,Visakhapatnam,81.23,20.86,71.77,222.03,1
2022,11,Puri,70.91,34.29,84.26,219.97,1
2022,11,Munnar,62.68,33.58,92.37,213.67,1
2022,11,Darjeeling,53.13,29.52,76.25,175.44,1
2022,11,Shimla,70.97,20.49,87.98,233.13,0
2022,11,Kedarnath,67.95,33.56,70.16,206.92,1
2022,12,Mumbai,59.77,26.74,74.36,201.75,1
2022,12,Chennai,48.02,18.11,65.88,131.16,0
2022,12,Kolkata,63.49,30.38,70.81,220.46,1
2022,12,Visakhapatnam,65.18,31.32,71.01,225.35,1
2022,12,Puri,62.43,28.26,56.03,218.02,0
2022,12,Munnar,42.68,28.59,62.25,147.27,1
2022,12,Darjeeling,49.22,25.09,76.86,145.0,1
2022,12,Shimla,45.25,19.43,90.92,149.58,1
2022,12,Kedarnath,39.8,29.25,55.66,110.64,0
2023,1,Mumbai,32.81,34.57,88.4,89.22,1
2023,1,Chennai,32.04,33.75,89.74,92.44,0
2023,1,Kolkata,24.26,18.19,78.33,66.05,0
2023,1,Visakhapatnam,43.62,28.0,56.61,128.48,0
2023,1,Puri,35.96,22.62,83.38,105.02,0
2023,1,Munnar,34.62,18.86,76.99,103.86,0
2023,1,Darjeeling,34.56,31.89,64.04,99.51,0
2023,1,Shimla,34.78,23.74,73.0,96.57,0
2023,1,Kedarnath,15.0,27.01,70.78,44.51,0
2023,2,Mumbai,27.75,30.92,87.22,87.63,0
2023,2,Chennai,27.25,29.55,71.34,81.43,1
2023,2,Kolkata,25.83,29.85,70.68,70.46,0
2023,2,Visakhapatnam,22.1,23.05,90.83,75.33,0
2023,2,Puri,34.66,29.43,64.62,104.98,0
2023,2,Munnar,34.12,30.55,61.25,102.96,0
2023,2,Darjeeling,31.38,19.38,65.83,101.59,0
2023,2,Shimla,33.61,25.95,66.58,114.03,0
2023,2,Kedarnath,39.23,23.61,72.1,118.82,0
2023,3,Mumbai,32.41,32.0,82.56,111.73,0
2023,3,Chennai,37.27,31.91,55.65,123.86,1
2023,3,Kolkata,28.93,32.71,65.12,95.82,1
2023,3,Visakhapatnam,30.58,29.46,94.17,85.65,0
2023,3,Puri,41.74,29.6,79.13,132.55,0
2023,3,Munnar,24.2,31.07,66.04,73.65,0
2023,3,Darjeeling,24.97,21.72,84.88,79.9,1
2023,3,Shimla,35.81,32.44,79.24,100.45,1
2023,3,Kedarnath,26.19,23.64,92.15,80.73,0
2023,4,Mumbai,58.93,22.4,58.26,159.75,1
2023,4,Chennai,45.0,23.03,61.99,141.24,0
2023,4,Kolkata,62.9,33.14,57.02,218.39,0
2023,4,Visakhapatnam,51.5,28.22,58.6,141.92,1
2023,4,Puri,68.64,20.44,71.26,235.69,0
2023,4,Munnar,43.55,31.47,91.01,141.91,0
2023,4,Darjeeling,31.03,23.03,92.84,100.66,1
2023,4,Shimla,36.89,28.09,80.35,119.14,1
2023,4,Kedarnath,37.91,29.31,67.94,124.44,0
2023,5,Mumbai,56.87,33.61,88.26,157.85,1
2023,5,Chennai,59.87,30.39,71.08,166.62,0
2023,5,Kolkata,56.65,27.19,55.52,164.47,0
2023,5,Visakhapatnam,70.28,26.75,77.63,243.58,1
2023,5,Puri,49.23,22.09,70.55,156.83,1
2023,5,Munnar,54.4,21.01,58.87,160.59,0
2023,5,Darjeeling,57.65,27.91,94.82,195.96,0
2023,5,Shimla,34.22,24.85,67.23,101.33,0
2023,5,Kedarnath,42.22,20.18,80.3,118.5,0
2023,6,Mumbai,55.04,30.81,83.02,179.13,0
2023,6,Chennai,58.78,18.44,62.47,187.83,1
2023,6,Kolkata,48.21,32.45,79.68,147.26,1
2023,6,Visakhapatnam,47.89,19.46,76.65,151.74,1
2023,6,Puri,42.32,27.25,78.42,117.84,1
2023,6,Munnar,46.71,29.72,74.93,127.68,1
2023,6,Darjeeling,42.94,33.26,79.55,126.51,0
2023,6,Shimla,49.63,25.93,80.64,148.48,1
2023,6,Kedarnath,43.53,24.1,77.26,141.98,0
2023,7,Mumbai,27.77,30.86,70.84,89.99,0
2023,7,Chennai,41.31,22.26,92.39,125.16,1
2023,7,Kolkata,36.5,23.77,57.48,109.58,0
2023,7,Visakhapatnam,34.39,34.96,81.32,97.31,0
2023,7,Puri,27.01,25.05,90.33,75.41,0
2023,7,Munnar,20.68,29.02,72.68,66.75,1
2023,7,Darjeeling,33.21,28.23,74.1,93.68,0
2023,7,Shimla,31.59,20.16,68.52,95.44,0
2023,7,Kedarnath,33.84,27.39,57.34,97.02,0
2023,8,Mumbai,31.34,23.87,78.08,106.49,0
2023,8,Chennai,30.82,24.74,91.32,97.16,0
2023,8,Kolkata,36.18,25.36,61.06,101.85,0
2023,8,Visakhapatnam,38.75,26.11,58.21,130.3,0
2023,8,Puri,44.65,22.71,86.34,150.15,0
2023,8,Munnar,34.58,29.43,92.44,109.43,0
2023,8,Darjeeling,16.77,18.38,93.02,56.14,0
2023,8,Shimla,27.91,24.48,80.76,85.19,1
2023,8,Kedarnath,29.55,24.51,91.1,93.94,0
2023,9,Mumbai,47.78,28.0,88.05,160.38,1
2023,9,Chennai,50.97,32.04,77.19,170.22,0
2023,9,Kolkata,54.23,27.2,93.32,164.38,0
2023,9,Visakhapatnam,59.51,27.72,80.03,171.16,1
2023,9,Puri,52.3,21.86,75.94,173.17,0
2023,9,Munnar,38.49,20.78,72.67,106.4,1
2023,9,Darjeeling,39.31,26.7,70.91,107.75,0
2023,9,Shimla,34.65,20.47,88.57,104.16,0
2023,9,Kedarnath,52.35,34.32,77.31,178.13,1
2023,10,Mumbai,84.96,21.15,56.76,236.04,1
2023,10,Chennai,71.1,23.04,88.69,245.78,1
2023,10,Kolkata,74.36,20.1,60.08,210.89,1
2023,10,Visakhapatnam,69.27,34.13,82.37,241.86,1
2023,10,Puri,65.86,19.3,77.19,197.97,1
2023,10,Munnar,63.49,25.06,74.59,192.3,1
2023,10,Darjeeling,64.89,19.67,62.08,192.61,0
2023,10,Shimla,65.75,22.03,70.73,194.12,1
2023,10,Kedarnath,60.56,29.52,86.9,172.19,1
2023,11,Mumbai,84.89,23.95,66.22,234.15,1
2023,11,Chennai,79.71,32.86,64.63,278.51,1
2023,11,Kolkata,76.99,21.08,94.13,233.1,1
2023,11,Visakhapatnam,71.77,25.14,84.23,212.95,1
2023,11,Puri,82.61,29.76,57.38,280.3,1
2023,11,Munnar,63.6,24.85,76.94,192.88,1
2023,11,Darjeeling,54.96,34.14,61.35,154.23,0
2023,11,Shimla,70.52,21.54,94.66,241.59,1
2023,11,Kedarnath,59.56,28.09,69.31,180.75,1
2023,12,Mumbai,71.34,27.41,73.87,201.82,1
2023,12,Chennai,63.0,31.26,69.19,171.38,1
2023,12,Kolkata,54.05,27.65,82.8,157.24,0
2023,12,Visakhapatnam,63.05,22.44,60.33,194.86,1
2023,12,Puri,67.73,22.9,75.55,215.34,1
2023,12,Munnar,36.01,27.94,55.96,118.4,0
2023,12,Darjeeling,46.86,19.55,73.87,133.06,0
2023,12,Shimla,33.91,21.34,90.86,105.71,1
2023,12,Kedarnath,54.22,33.14,78.08,183.77,0
2024,1,Mumbai,33.93,27.73,91.52,111.96,1
2024,1,Chennai,43.59,22.2,62.95,127.06,0
2024,1,Kolkata,48.46,19.39,79.62,147.39,1
2024,1,Visakhapatnam,43.7,21.64,75.72,124.0,0
2024,1,Puri,43.15,29.37,80.98,116.99,0
2024,1,Munnar,29.59,20.61,55.81,101.96,0
2024,1,Darjeeling,45.79,33.84,82.16,147.91,0
2024,1,Shimla,23.09,32.96,66.49,75.64,1
2024,1,Kedarnath,33.98,20.35,63.83,98.71,0
2024,2,Mumbai,28.64,22.06,82.0,88.77,0
2024,2,Chennai,25.32,34.6,63.39,76.69,0
2024,2,Kolkata,36.49,31.29,67.14,125.81,0
2024,2,Visakhapatnam,24.09,27.78,84.17,77.97,0
2024,2,Puri,28.3,25.27,67.49,87.82,0
2024,2,Munnar,23.24,21.38,65.77,70.3,0
2024,2,Darjeeling,32.83,30.77,69.81,112.54,0
2024,2,Shimla,26.22,23.77,70.07,90.84,0
2024,2,Kedarnath,30.47,22.23,59.36,94.12,0
2024,3,Mumbai,36.19,32.57,89.35,106.48,0
2024,3,Chennai,35.92,34.07,82.61,101.2,0
2024,3,Kolkata,34.69,20.04,75.42,111.57,0
2024,3,Visakhapatnam,22.12,20.33,89.46,73.94,0
2024,3,Puri,41.8,34.08,87.48,138.0,0
2024,3,Munnar,23.72,29.99,60.27,80.34,0
2024,3,Darjeeling,24.41,18.91,61.75,82.95,0
2024,3,Shimla,36.19,24.52,88.96,111.48,0
2024,3,Kedarnath,32.34,26.69,83.82,92.21,0
2024,4,Mumbai,58.8,32.1,88.15,180.45,0
2024,4,Chennai,58.74,30.33,90.17,175.65,1
2024,4,Kolkata,57.77,18.8,90.46,174.83,0
2024,4,Visakhapatnam,57.82,34.01,64.95,168.63,1
2024,4,Puri,60.14,20.37,70.72,199.7,1
2024,4,Munnar,44.72,23.85,69.29,133.96,0
2024,4,Darjeeling,42.42,26.59,90.2,129.47,0
2024,4,Shimla,41.09,25.06,78.81,132.74,0
2024,4,Kedarnath,41.54,31.94,62.83,138.25,0
2024,5,Mumbai,54.94,26.72,85.08,159.63,1
2024,5,Chennai,48.25,25.4,94.83,153.27,0
2024,5,Kolkata,59.4,21.73,71.75,170.07,1
2024,5,Visakhapatnam,61.19,30.62,88.76,209.99,1
2024,5,Puri,64.07,26.71,59.77,195.07,1
2024,5,Munnar,50.15,30.22,79.85,150.45,1
2024,5,Darjeeling,56.66,29.48,72.77,168.45,0
2024,5,Shimla,46.45,18.17,89.64,157.44,0
2024,5,Kedarnath,50.81,30.83,94.48,156.82,1
2024,6,Mumbai,48.08,32.58,94.69,150.53,1
2024,6,Chennai,42.36,21.99,71.14,114.61,0
2024,6,Kolkata,56.04,18.01,88.1,166.42,1
2024,6,Visakhapatnam,43.52,27.44,62.48,119.88,1
2024,6,Puri,43.66,32.89,70.07,132.45,0
2024,6,Munnar,27.64,19.02,93.14,76.98,0
2024,6,Darjeeling,39.57,20.79,67.82,116.28,0
2024,6,Shimla,41.99,33.46,57.82,117.53,1
2024,6,Kedarnath,34.78,19.32,76.79,116.75,0
2024,7,Mumbai,37.45,18.22,89.16,106.16,0
2024,7,Chennai,31.45,33.46,92.39,104.29,0
2024,7,Kolkata,32.94,24.41,66.56,96.43,0
2024,7,Visakhapatnam,35.2,29.75,61.4,110.38,0
2024,7,Puri,34.14,28.97,84.58,113.92,1
2024,7,Munnar,18.99,24.42,58.5,59.59,0
2024,7,Darjeeling,28.51,34.11,70.69,81.05,0
2024,7,Shimla,30.06,34.68,59.35,99.53,0
2024,7,Kedarnath,26.78,20.48,62.68,85.76,0
2024,8,Mumbai,42.74,28.63,90.5,146.79,0
2024,8,Chennai,34.5,24.05,80.43,101.81,1
2024,8,Kolkata,32.54,24.5,87.58,103.4,1
2024,8,Visakhapatnam,32.03,28.22,80.71,94.16,0
2024,8,Puri,31.46,21.47,87.96,94.05,0
2024,8,Munnar,28.82,23.83,90.35,80.34,0
2024,8,Darjeeling,34.93,23.37,82.6,95.01,1
2024,8,Shimla,23.59,20.5,58.22,70.99,0
2024,8,Kedarnath,35.51,18.1,91.43,98.43,0
2024,9,Mumbai,49.2,34.42,61.47,169.28,1
2024,9,Chennai,47.06,33.04,76.87,154.97,0
2024,9,Kolkata,43.09,23.57,91.66,122.07,1
2024,9,Visakhapatnam,52.38,34.19,68.55,173.25,0
2024,9,Puri,57.13,25.91,65.28,156.51,1
2024,9,Munnar,43.64,25.2,91.77,143.79,0
2024,9,Darjeeling,41.79,33.46,69.07,129.2,0
2024,9,Shimla,45.4,23.81,87.47,150.25,0
2024,9,Kedarnath,39.82,28.59,92.64,132.81,0
2024,10,Mumbai,79.58,24.72,88.8,266.13,1
2024,10,Chennai,83.59,24.07,84.96,255.8,1
2024,10,Kolkata,67.92,27.28,84.97,193.5,1
2024,10,Visakhapatnam,79.63,34.44,63.64,245.74,1
2024,10,Puri,68.5,26.08,72.08,237.41,0
2024,10,Munnar,67.7,20.1,72.87,196.46,1
2024,10,Darjeeling,57.92,34.61,56.57,156.42,1
2024,10,Shimla,62.33,30.38,61.13,195.76,0
2024,10,Kedarnath,59.35,34.58,85.79,194.95,1
2024,11,Mumbai,87.5,20.03,90.9,241.03,1
2024,11,Chennai,72.0,24.69,78.89,241.4,1
2024,11,Kolkata,77.53,31.21,58.53,263.26,1
2024,11,Visakhapatnam,85.48,20.81,72.21,243.23,1
2024,11,Puri,93.1,18.71,63.47,266.02,1
2024,11,Munnar,64.17,29.34,89.32,202.0,1
2024,11,Darjeeling,61.05,30.34,57.11,177.47,1
2024,11,Shimla,65.36,27.6,76.3,192.31,1
2024,11,Kedarnath,58.37,30.37,93.79,186.41,0
2024,12,Mumbai,52.31,21.26,78.67,173.15,0
2024,12,Chennai,67.1,23.69,76.15,207.47,1
2024,12,Kolkata,68.77,21.16,87.21,196.55,1
2024,12,Visakhapatnam,70.47,27.49,66.07,214.94,1
2024,12,Puri,54.28,26.54,91.91,187.07,1
2024,12,Munnar,34.59,27.4,55.48,118.85,0
2024,12,Darjeeling,45.13,34.53,58.42,139.37,0
2024,12,Shimla,38.85,19.27,72.17,119.93,1
2024,12,Kedarnath,50.61,21.31,64.59,170.55,0
2025,1,Mumbai,29.8,32.18,57.11,81.34,1
2025,1,Chennai,36.91,32.35,72.52,100.98,0
2025,1,Kolkata,32.61,27.71,78.1,99.76,0
2025,1,Visakhapatnam,35.19,24.24,59.26,103.88,1
2025,1,Puri,45.31,25.75,80.23,132.66,0
2025,1,Munnar,36.78,23.41,66.28,121.59,0
2025,1,Darjeeling,31.83,27.29,79.41,109.19,0
2025,1,Shimla,27.83,27.51,89.08,82.79,0
2025,1,Kedarnath,31.34,29.61,58.19,99.74,0
2025,2,Mumbai,32.36,27.89,60.04,102.27,0
2025,2,Chennai,35.77,28.6,90.97,115.15,0
2025,2,Kolkata,28.58,33.45,63.07,84.24,0
2025,2,Visakhapatnam,22.86,26.06,85.26,65.1,0
2025,2,Puri,36.32,23.54,56.61,115.99,0
2025,2,Munnar,25.92,25.23,85.76,74.2,0
2025,2,Darjeeling,26.42,25.58,56.38,71.77,0
2025,2,Shimla,33.41,20.27,88.18,100.57,0
2025,2,Kedarnath,28.73,29.5,92.65,94.84,0
2025,3,Mumbai,33.96,31.01,83.03,100.72,0
2025,3,Chennai,35.97,30.56,86.92,103.02,1
2025,3,Kolkata,25.64,28.93,94.32,75.48,0
2025,3,Visakhapatnam,29.97,31.63,70.09,104.33,0
2025,3,Puri,33.44,23.55,63.75,115.64,0
2025,3,Munnar,32.66,25.56,79.33,98.47,0
2025,3,Darjeeling,29.81,24.8,69.19,84.5,1
2025,3,Shimla,19.93,20.58,90.37,63.1,0
2025,3,Kedarnath,25.98,26.58,71.43,84.73,1
2025,4,Mumbai,62.22,18.65,81.45,202.43,1
2025,4,Chennai,51.09,30.19,91.4,158.47,0
2025,4,Kolkata,53.46,25.77,89.57,178.45,1
2025,4,Visakhapatnam,53.76,32.67,58.33,175.13,0
2025,4,Puri,50.86,25.09,76.99,140.12,0
2025,4,Munnar,45.34,34.52,57.18,142.64,0
2025,4,Darjeeling,39.31,32.58,73.78,115.3,1
2025,4,Shimla,40.39,26.02,86.2,118.69,1
2025,4,Kedarnath,40.7,33.98,68.31,115.3,0
2025,5,Mumbai,62.09,25.83,90.65,176.53,0
2025,5,Chennai,63.98,19.64,57.01,223.11,0
2025,5,Kolkata,57.06,31.17,55.87,155.87,1
2025,5,Visakhapatnam,58.63,25.28,79.24,180.25,1
2025,5,Puri,64.52,26.11,76.42,196.54,1
2025,5,Munnar,50.72,23.71,90.76,172.97,0
2025,5,Darjeeling,31.1,20.43,93.35,90.9,0
2025,5,Shimla,52.57,24.88,66.16,153.82,0
2025,5,Kedarnath,49.81,25.47,61.18,137.77,0
2025,6,Mumbai,44.46,19.48,67.66,129.24,1
2025,6,Chennai,53.0,31.78,55.25,181.67,0
2025,6,Kolkata,37.06,34.33,61.46,102.76,0
2025,6,Visakhapatnam,59.35,22.89,94.82,195.07,0
2025,6,Puri,45.32,20.88,71.23,141.71,0
2025,6,Munnar,40.06,27.24,64.09,127.48,0
2025,6,Darjeeling,47.16,28.39,94.61,146.77,0
2025,6,Shimla,36.42,25.34,68.88,109.55,0
2025,6,Kedarnath,43.12,27.8,86.76,133.11,0
2025,7,Mumbai,30.39,22.43,75.18,87.51,1
2025,7,Chennai,38.12,25.57,75.44,122.7,0
2025,7,Kolkata,40.38,32.76,77.77,113.53,0
2025,7,Visakhapatnam,35.19,19.57,69.88,115.23,0
2025,7,Puri,39.91,34.29,93.67,115.56,0
2025,7,Munnar,29.08,34.43,90.82,86.62,0
2025,7,Darjeeling,32.55,30.52,65.94,105.79,1
2025,7,Shimla,18.83,24.01,70.45,51.58,0
2025,7,Kedarnath,18.67,34.57,67.38,53.29,0
2025,8,Mumbai,35.11,34.72,78.06,107.28,0
2025,8,Chennai,42.67,29.51,58.54,135.94,1
2025,8,Kolkata,41.55,21.59,84.58,132.01,0
2025,8,Visakhapatnam,26.81,19.24,93.13,75.26,0
2025,8,Puri,34.46,27.26,79.81,102.64,1
2025,8,Munnar,26.06,29.97,71.45,74.8,0
2025,8,Darjeeling,27.21,34.6,70.64,81.45,0
2025,8,Shimla,28.18,22.54,67.68,77.63,0
2025,8,Kedarnath,36.36,32.36,89.33,120.78,0
2025,9,Mumbai,44.66,18.17,83.06,122.77,1
2025,9,Chennai,58.2,31.03,82.74,172.46,1
2025,9,Kolkata,47.86,29.78,84.08,146.3,0
2025,9,Visakhapatnam,56.83,28.36,81.49,163.68,0
2025,9,Puri,54.27,26.07,65.99,171.19,1
2025,9,Munnar,38.31,27.68,90.56,121.18,0
2025,9,Darjeeling,38.26,23.27,74.68,110.42,1
2025,9,Shimla,42.34,22.39,67.91,131.4,0
2025,9,Kedarnath,44.6,31.74,86.04,124.22,0
2025,10,Mumbai,77.87,32.18,80.76,217.34,1
2025,10,Chennai,69.99,28.86,56.38,218.58,1
2025,10,Kolkata,86.16,27.27,66.71,262.61,1
2025,10,Visakhapatnam,79.54,20.47,59.17,225.15,1
2025,10,Puri,77.45,19.81,73.69,241.83,1
2025,10,Munnar,57.51,19.91,58.01,184.09,1
2025,10,Darjeeling,57.63,22.42,60.43,167.47,1
2025,10,Shimla,57.45,19.91,83.41,193.48,0
2025,10,Kedarnath,60.08,23.8,80.56,175.45,0
2025,11,Mumbai,74.6,29.84,55.99,256.95,1
2025,11,Chennai,74.21,34.59,93.98,250.04,1
2025,11,Kolkata,82.92,29.05,60.13,266.84,1
2025,11,Visakhapatnam,86.43,18.68,72.57,296.41,1
2025,11,Puri,83.25,25.26,57.2,255.35,1
2025,11,Munnar,66.01,23.3,80.64,227.25,1
2025,11,Darjeeling,58.64,29.26,82.3,175.01,0
2025,11,Shimla,47.44,20.13,67.63,138.26,0
2025,11,Kedarnath,61.36,25.63,90.63,208.38,1
2025,12,Mumbai,56.03,31.96,81.83,154.74,1
2025,12,Chennai,65.97,27.36,64.73,224.41,1
2025,12,Kolkata,57.29,31.95,91.44,159.36,0
2025,12,Visakhapatnam,47.31,30.86,58.65,148.41,1
2025,12,Puri,54.36,21.13,62.53,154.89,1
2025,12,Munnar,53.95,27.74,56.96,146.42,0
2025,12,Darjeeling,48.83,28.14,68.98,144.61,1
2025,12,Shimla,54.19,21.5,82.01,178.45,1
2025,12,Kedarnath,58.15,29.5,60.19,162.87,0
